"iPhone 17e 256 GB: 15.40 cm (6.1″) Super Retina XDR Display, A19 Chip, All-Day Battery Life, 48MP Fusion Camera, 256GB Starting Storage; Black",4.1,Apple,"64,900"
"iPhone Air 256 GB: Thinnest iPhone Ever, 16.63 cm (6.5″) Display with Promotion up to 120Hz, Powerful A19 Pro Chip, Center Stage Front Camera, All-Day Battery Life; Space Black",4.6,Apple,"96,990"
"iPhone 17e 256 GB: 15.40 cm (6.1″) Super Retina XDR Display, A19 Chip, All-Day Battery Life, 48MP Fusion Camera, 256GB Starting Storage; Soft Pink",4.1,Apple,"64,900"
"iPhone Air 256 GB: Thinnest iPhone Ever, 16.63 cm (6.5″) Display with Promotion up to 120Hz, Powerful A19 Pro Chip, Center Stage Front Camera, All-Day Battery Life; Space Black",4.6,Apple,"96,990"
"iPhone 16e 128 GB: Built for Apple Intelligence, A18 Chip, Supersized Battery Life, 48MP Fusion. Camera, 15.40 cm (6.1″) Super Retina XDR Display; Black",4.5,Apple,"59,900"
"iPhone 16 Plus 256 GB: 5G Mobile Phone with Camera Control, A18 Chip and a Big Boost in Battery Life. Works with AirPods; White",4.6,Apple, 
"Galaxy S25 Ultra 5G AI Smartphone (Titanium Gray, 12GB RAM, 256GB Storage), 200MP Camera, S Pen Included, Long Battery Life",4.4,Samsung,"99,999"
"iPhone Air 256 GB: Thinnest iPhone Ever, 16.63 cm (6.5″) Display with Promotion up to 120Hz, Powerful A19 Pro Chip, Center Stage Front Camera, All-Day Battery Life; Light Gold",4.5,Apple,"96,990"
"Nord CE6 Lite | 8GB+128GB | Hyper Black | Segment's Fastest Dimensity 7400 Apex Processor | 7000mAh Battery | Segment's Highest 144Hz Refresh Rate | 50MP Main Camera, 4K Video Recording",4.2,OnePlus,"27,999"
Nord 6 | 12GB+256GB | Pitch Black | Snapdragon 8s Gen 4 | Segment's First Stable 165FPS Gaming | Segment's Largest 9000mAh Battery | Most Complete IP Rating | Personalized AI,4.3,OnePlus,"47,998"
15 | 12GB+256GB | Sand Storm | India's First Snapdragon® 8 Elite Gen 5 | 7300mAh Battery | Personalised AI | Game-Changing 165Hz Display | Triple 50MP Camera with 4K 120fps Dolby Vision,4.6,OnePlus,"85,999"
"iPhone 17e 512 GB: 15.40 cm (6.1″) Super Retina XDR Display, A19 Chip, All-Day Battery Life, 48MP Fusion Camera, 256GB Starting Storage; Soft Pink",4.1,Apple,"84,900"
"Nord CE6 | 8GB+128GB | Pitch Black | Snapdragon 7s Gen 4 | Segment's Fastest Touch Response | 8000mAh Battery | 144Hz 1.5K AMOLED Display | 50MP Main + 32MP Selfie 4K Cameras | IP66,68,69,69K",4.2,OnePlus,"33,999"
"iPhone Air 256 GB: Thinnest iPhone Ever, 16.63 cm (6.5″) Display with Promotion up to 120Hz, Powerful A19 Pro Chip, Center Stage Front Camera, All-Day Battery Life; Cloud White",4.5,Apple,"96,990"
"Galaxy S26 5G (Cobalt Violet, 12GB RAM, 256GB Storage), AI Phone, Photo Assist, Creative Studio, 50MP Camera with ProVisual Engine, Powerful Customized Processor and 4300mAh Battery",4.3,Samsung,"79,999"
"iPhone 17e 512 GB: 15.40 cm (6.1″) Super Retina XDR Display, A19 Chip, All-Day Battery Life, 48MP Fusion Camera, 256GB Starting Storage; White",4.1,Apple,"84,900"
"Pixel 10 5G (Obsidian, 12GB RAM, 256GB Storage)",4.2,Google,"64,900"
"15R (Dark Knight, 12GB RAM, 256GB Storage) | Snapdragon® 8 Gen 5 Processor | India’s Slimmest Smartphone in 7600mAh Battery* | Segment's Most Stable 144FPS Gaming*",4.4,iQOO,"54,999"
"iPhone 17e 256 GB: 15.40 cm (6.1″) Super Retina XDR Display, A19 Chip, All-Day Battery Life, 48MP Fusion Camera, 256GB Starting Storage; Black",4.1,Apple,"64,900"
"iPhone Air 256 GB: Thinnest iPhone Ever, 16.63 cm (6.5″) Display with Promotion up to 120Hz, Powerful A19 Pro Chip, Center Stage Front Camera, All-Day Battery Life; Space Black",4.6,Apple,"96,990"
"iPhone 17e 256 GB: 15.40 cm (6.1″) Super Retina XDR Display, A19 Chip, All-Day Battery Life, 48MP Fusion Camera, 256GB Starting Storage; Soft Pink",4.1,Apple,"64,900"
"iPhone Air 256 GB: Thinnest iPhone Ever, 16.63 cm (6.5″) Display with Promotion up to 120Hz, Powerful A19 Pro Chip, Center Stage Front Camera, All-Day Battery Life; Space Black",4.6,Apple,"96,990"
"iPhone 16e 128 GB: Built for Apple Intelligence, A18 Chip, Supersized Battery Life, 48MP Fusion. Camera, 15.40 cm (6.1″) Super Retina XDR Display; Black",4.5,Apple,"59,900"
"iPhone 16 Plus 256 GB: 5G Mobile Phone with Camera Control, A18 Chip and a Big Boost in Battery Life. Works with AirPods; White",4.6,Apple, 
"Galaxy S25 Ultra 5G AI Smartphone (Titanium Gray, 12GB RAM, 256GB Storage), 200MP Camera, S Pen Included, Long Battery Life",4.4,Samsung,"99,999"
"iPhone Air 256 GB: Thinnest iPhone Ever, 16.63 cm (6.5″) Display with Promotion up to 120Hz, Powerful A19 Pro Chip, Center Stage Front Camera, All-Day Battery Life; Light Gold",4.5,Apple,"96,990"
"Nord CE6 Lite | 8GB+128GB | Hyper Black | Segment's Fastest Dimensity 7400 Apex Processor | 7000mAh Battery | Segment's Highest 144Hz Refresh Rate | 50MP Main Camera, 4K Video Recording",4.2,OnePlus,"27,999"
Nord 6 | 12GB+256GB | Pitch Black | Snapdragon 8s Gen 4 | Segment's First Stable 165FPS Gaming | Segment's Largest 9000mAh Battery | Most Complete IP Rating | Personalized AI,4.3,OnePlus,"47,998"
15 | 12GB+256GB | Sand Storm | India's First Snapdragon® 8 Elite Gen 5 | 7300mAh Battery | Personalised AI | Game-Changing 165Hz Display | Triple 50MP Camera with 4K 120fps Dolby Vision,4.6,OnePlus,"85,999"
"iPhone 17e 512 GB: 15.40 cm (6.1″) Super Retina XDR Display, A19 Chip, All-Day Battery Life, 48MP Fusion Camera, 256GB Starting Storage; Soft Pink",4.1,Apple,"84,900"
"Nord CE6 | 8GB+128GB | Pitch Black | Snapdragon 7s Gen 4 | Segment's Fastest Touch Response | 8000mAh Battery | 144Hz 1.5K AMOLED Display | 50MP Main + 32MP Selfie 4K Cameras | IP66,68,69,69K",4.2,OnePlus,"33,999"
"iPhone Air 256 GB: Thinnest iPhone Ever, 16.63 cm (6.5″) Display with Promotion up to 120Hz, Powerful A19 Pro Chip, Center Stage Front Camera, All-Day Battery Life; Cloud White",4.5,Apple,"96,990"
"Galaxy S26 5G (Cobalt Violet, 12GB RAM, 256GB Storage), AI Phone, Photo Assist, Creative Studio, 50MP Camera with ProVisual Engine, Powerful Customized Processor and 4300mAh Battery",4.3,Samsung,"79,999"
"iPhone 17e 512 GB: 15.40 cm (6.1″) Super Retina XDR Display, A19 Chip, All-Day Battery Life, 48MP Fusion Camera, 256GB Starting Storage; White",4.1,Apple,"84,900"
"Pixel 10 5G (Obsidian, 12GB RAM, 256GB Storage)",4.2,Google,"64,900"
"15R (Dark Knight, 12GB RAM, 256GB Storage) | Snapdragon® 8 Gen 5 Processor | India’s Slimmest Smartphone in 7600mAh Battery* | Segment's Most Stable 144FPS Gaming*",4.4,iQOO,"54,999"
"iPhone 17e 256 GB: 15.40 cm (6.1″) Super Retina XDR Display, A19 Chip, All-Day Battery Life, 48MP Fusion Camera, 256GB Starting Storage; Black",4.1,Apple,"64,900"
"iPhone Air 256 GB: Thinnest iPhone Ever, 16.63 cm (6.5″) Display with Promotion up to 120Hz, Powerful A19 Pro Chip, Center Stage Front Camera, All-Day Battery Life; Space Black",4.6,Apple,"96,990"
"iPhone 17e 256 GB: 15.40 cm (6.1″) Super Retina XDR Display, A19 Chip, All-Day Battery Life, 48MP Fusion Camera, 256GB Starting Storage; Soft Pink",4.1,Apple,"64,900"
"iPhone Air 256 GB: Thinnest iPhone Ever, 16.63 cm (6.5″) Display with Promotion up to 120Hz, Powerful A19 Pro Chip, Center Stage Front Camera, All-Day Battery Life; Space Black",4.6,Apple,"96,990"
"iPhone 16e 128 GB: Built for Apple Intelligence, A18 Chip, Supersized Battery Life, 48MP Fusion. Camera, 15.40 cm (6.1″) Super Retina XDR Display; Black",4.5,Apple,"59,900"
"iPhone 16 Plus 256 GB: 5G Mobile Phone with Camera Control, A18 Chip and a Big Boost in Battery Life. Works with AirPods; White",4.6,Apple, 
"Galaxy S25 Ultra 5G AI Smartphone (Titanium Gray, 12GB RAM, 256GB Storage), 200MP Camera, S Pen Included, Long Battery Life",4.4,Samsung,"99,999"
"Nord CE6 Lite | 8GB+128GB | Hyper Black | Segment's Fastest Dimensity 7400 Apex Processor | 7000mAh Battery | Segment's Highest 144Hz Refresh Rate | 50MP Main Camera, 4K Video Recording",4.2,OnePlus,"27,999"
"iPhone Air 256 GB: Thinnest iPhone Ever, 16.63 cm (6.5″) Display with Promotion up to 120Hz, Powerful A19 Pro Chip, Center Stage Front Camera, All-Day Battery Life; Light Gold",4.5,Apple,"96,990"
Nord 6 | 12GB+256GB | Pitch Black | Snapdragon 8s Gen 4 | Segment's First Stable 165FPS Gaming | Segment's Largest 9000mAh Battery | Most Complete IP Rating | Personalized AI,4.3,OnePlus,"47,998"
15 | 12GB+256GB | Sand Storm | India's First Snapdragon® 8 Elite Gen 5 | 7300mAh Battery | Personalised AI | Game-Changing 165Hz Display | Triple 50MP Camera with 4K 120fps Dolby Vision,4.6,OnePlus,"85,999"
"iPhone 17e 512 GB: 15.40 cm (6.1″) Super Retina XDR Display, A19 Chip, All-Day Battery Life, 48MP Fusion Camera, 256GB Starting Storage; Soft Pink",4.1,Apple,"84,900"
"Nord CE6 | 8GB+128GB | Pitch Black | Snapdragon 7s Gen 4 | Segment's Fastest Touch Response | 8000mAh Battery | 144Hz 1.5K AMOLED Display | 50MP Main + 32MP Selfie 4K Cameras | IP66,68,69,69K",4.2,OnePlus,"33,999"
"iPhone Air 256 GB: Thinnest iPhone Ever, 16.63 cm (6.5″) Display with Promotion up to 120Hz, Powerful A19 Pro Chip, Center Stage Front Camera, All-Day Battery Life; Cloud White",4.5,Apple,"96,990"
"Galaxy S26 5G (Cobalt Violet, 12GB RAM, 256GB Storage), AI Phone, Photo Assist, Creative Studio, 50MP Camera with ProVisual Engine, Powerful Customized Processor and 4300mAh Battery",4.3,Samsung,"79,999"
"iPhone 17e 512 GB: 15.40 cm (6.1″) Super Retina XDR Display, A19 Chip, All-Day Battery Life, 48MP Fusion Camera, 256GB Starting Storage; White",4.1,Apple,"84,900"
"Pixel 10 5G (Obsidian, 12GB RAM, 256GB Storage)",4.2,Google,"64,900"
"15R (Dark Knight, 12GB RAM, 256GB Storage) | Snapdragon® 8 Gen 5 Processor | India’s Slimmest Smartphone in 7600mAh Battery* | Segment's Most Stable 144FPS Gaming*",4.4,iQOO,"54,999"
"iPhone 17e 256 GB: 15.40 cm (6.1″) Super Retina XDR Display, A19 Chip, All-Day Battery Life, 48MP Fusion Camera, 256GB Starting Storage; Black",4.1,Apple,"64,900"
"iPhone Air 256 GB: Thinnest iPhone Ever, 16.63 cm (6.5″) Display with Promotion up to 120Hz, Powerful A19 Pro Chip, Center Stage Front Camera, All-Day Battery Life; Space Black",4.6,Apple,"96,990"
"iPhone 17e 256 GB: 15.40 cm (6.1″) Super Retina XDR Display, A19 Chip, All-Day Battery Life, 48MP Fusion Camera, 256GB Starting Storage; Soft Pink",4.1,Apple,"64,900"
"iPhone Air 256 GB: Thinnest iPhone Ever, 16.63 cm (6.5″) Display with Promotion up to 120Hz, Powerful A19 Pro Chip, Center Stage Front Camera, All-Day Battery Life; Space Black",4.6,Apple,"96,990"
"iPhone 16e 128 GB: Built for Apple Intelligence, A18 Chip, Supersized Battery Life, 48MP Fusion. Camera, 15.40 cm (6.1″) Super Retina XDR Display; Black",4.5,Apple,"59,900"
"iPhone 16 Plus 256 GB: 5G Mobile Phone with Camera Control, A18 Chip and a Big Boost in Battery Life. Works with AirPods; White",4.6,Apple, 
"Galaxy S25 Ultra 5G AI Smartphone (Titanium Gray, 12GB RAM, 256GB Storage), 200MP Camera, S Pen Included, Long Battery Life",4.4,Samsung,"99,999"
"iPhone Air 256 GB: Thinnest iPhone Ever, 16.63 cm (6.5″) Display with Promotion up to 120Hz, Powerful A19 Pro Chip, Center Stage Front Camera, All-Day Battery Life; Light Gold",4.5,Apple,"96,990"
"Nord CE6 Lite | 8GB+128GB | Hyper Black | Segment's Fastest Dimensity 7400 Apex Processor | 7000mAh Battery | Segment's Highest 144Hz Refresh Rate | 50MP Main Camera, 4K Video Recording",4.2,OnePlus,"27,999"
Nord 6 | 12GB+256GB | Pitch Black | Snapdragon 8s Gen 4 | Segment's First Stable 165FPS Gaming | Segment's Largest 9000mAh Battery | Most Complete IP Rating | Personalized AI,4.3,OnePlus,"47,998"
15 | 12GB+256GB | Sand Storm | India's First Snapdragon® 8 Elite Gen 5 | 7300mAh Battery | Personalised AI | Game-Changing 165Hz Display | Triple 50MP Camera with 4K 120fps Dolby Vision,4.6,OnePlus,"85,999"
"iPhone 17e 512 GB: 15.40 cm (6.1″) Super Retina XDR Display, A19 Chip, All-Day Battery Life, 48MP Fusion Camera, 256GB Starting Storage; Soft Pink",4.1,Apple,"84,900"
"Nord CE6 | 8GB+128GB | Pitch Black | Snapdragon 7s Gen 4 | Segment's Fastest Touch Response | 8000mAh Battery | 144Hz 1.5K AMOLED Display | 50MP Main + 32MP Selfie 4K Cameras | IP66,68,69,69K",4.2,OnePlus,"33,999"
"iPhone Air 256 GB: Thinnest iPhone Ever, 16.63 cm (6.5″) Display with Promotion up to 120Hz, Powerful A19 Pro Chip, Center Stage Front Camera, All-Day Battery Life; Cloud White",4.5,Apple,"96,990"
"Galaxy S26 5G (Cobalt Violet, 12GB RAM, 256GB Storage), AI Phone, Photo Assist, Creative Studio, 50MP Camera with ProVisual Engine, Powerful Customized Processor and 4300mAh Battery",4.3,Samsung,"79,999"
"iPhone 17e 512 GB: 15.40 cm (6.1″) Super Retina XDR Display, A19 Chip, All-Day Battery Life, 48MP Fusion Camera, 256GB Starting Storage; White",4.1,Apple,"84,900"
"Pixel 10 5G (Obsidian, 12GB RAM, 256GB Storage)",4.2,Google,"64,900"
"15R (Dark Knight, 12GB RAM, 256GB Storage) | Snapdragon® 8 Gen 5 Processor | India’s Slimmest Smartphone in 7600mAh Battery* | Segment's Most Stable 144FPS Gaming*",4.4,iQOO,"54,999"
"iPhone 17e 256 GB: 15.40 cm (6.1″) Super Retina XDR Display, A19 Chip, All-Day Battery Life, 48MP Fusion Camera, 256GB Starting Storage; Black",4.1,Apple,"64,900"
"iPhone Air 256 GB: Thinnest iPhone Ever, 16.63 cm (6.5″) Display with Promotion up to 120Hz, Powerful A19 Pro Chip, Center Stage Front Camera, All-Day Battery Life; Space Black",4.6,Apple,"96,990"
"iPhone 17e 256 GB: 15.40 cm (6.1″) Super Retina XDR Display, A19 Chip, All-Day Battery Life, 48MP Fusion Camera, 256GB Starting Storage; Soft Pink",4.1,Apple,"64,900"
"iPhone Air 256 GB: Thinnest iPhone Ever, 16.63 cm (6.5″) Display with Promotion up to 120Hz, Powerful A19 Pro Chip, Center Stage Front Camera, All-Day Battery Life; Space Black",4.6,Apple,"96,990"
"iPhone 16e 128 GB: Built for Apple Intelligence, A18 Chip, Supersized Battery Life, 48MP Fusion. Camera, 15.40 cm (6.1″) Super Retina XDR Display; Black",4.5,Apple,"59,900"
"iPhone 16 Plus 256 GB: 5G Mobile Phone with Camera Control, A18 Chip and a Big Boost in Battery Life. Works with AirPods; White",4.6,Apple, 
"Galaxy S25 Ultra 5G AI Smartphone (Titanium Gray, 12GB RAM, 256GB Storage), 200MP Camera, S Pen Included, Long Battery Life",4.4,Samsung,"99,999"
"iPhone Air 256 GB: Thinnest iPhone Ever, 16.63 cm (6.5″) Display with Promotion up to 120Hz, Powerful A19 Pro Chip, Center Stage Front Camera, All-Day Battery Life; Light Gold",4.5,Apple,"96,990"
"Nord CE6 Lite | 8GB+128GB | Hyper Black | Segment's Fastest Dimensity 7400 Apex Processor | 7000mAh Battery | Segment's Highest 144Hz Refresh Rate | 50MP Main Camera, 4K Video Recording",4.2,OnePlus,"27,999"
Nord 6 | 12GB+256GB | Pitch Black | Snapdragon 8s Gen 4 | Segment's First Stable 165FPS Gaming | Segment's Largest 9000mAh Battery | Most Complete IP Rating | Personalized AI,4.3,OnePlus,"47,998"
15 | 12GB+256GB | Sand Storm | India's First Snapdragon® 8 Elite Gen 5 | 7300mAh Battery | Personalised AI | Game-Changing 165Hz Display | Triple 50MP Camera with 4K 120fps Dolby Vision,4.6,OnePlus,"85,999"
"iPhone 17e 512 GB: 15.40 cm (6.1″) Super Retina XDR Display, A19 Chip, All-Day Battery Life, 48MP Fusion Camera, 256GB Starting Storage; Soft Pink",4.1,Apple,"84,900"
"Nord CE6 | 8GB+128GB | Pitch Black | Snapdragon 7s Gen 4 | Segment's Fastest Touch Response | 8000mAh Battery | 144Hz 1.5K AMOLED Display | 50MP Main + 32MP Selfie 4K Cameras | IP66,68,69,69K",4.2,OnePlus,"33,999"
"iPhone Air 256 GB: Thinnest iPhone Ever, 16.63 cm (6.5″) Display with Promotion up to 120Hz, Powerful A19 Pro Chip, Center Stage Front Camera, All-Day Battery Life; Cloud White",4.5,Apple,"96,990"
"Galaxy S26 5G (Cobalt Violet, 12GB RAM, 256GB Storage), AI Phone, Photo Assist, Creative Studio, 50MP Camera with ProVisual Engine, Powerful Customized Processor and 4300mAh Battery",4.3,Samsung,"79,999"
"iPhone 17e 512 GB: 15.40 cm (6.1″) Super Retina XDR Display, A19 Chip, All-Day Battery Life, 48MP Fusion Camera, 256GB Starting Storage; White",4.1,Apple,"84,900"
"Pixel 10 5G (Obsidian, 12GB RAM, 256GB Storage)",4.2,Google,"64,900"
"15R (Dark Knight, 12GB RAM, 256GB Storage) | Snapdragon® 8 Gen 5 Processor | India’s Slimmest Smartphone in 7600mAh Battery* | Segment's Most Stable 144FPS Gaming*",4.4,iQOO,"54,999"
"iPhone 17e 256 GB: 15.40 cm (6.1″) Super Retina XDR Display, A19 Chip, All-Day Battery Life, 48MP Fusion Camera, 256GB Starting Storage; Black",4.1,Apple,"64,900"
"iPhone Air 256 GB: Thinnest iPhone Ever, 16.63 cm (6.5″) Display with Promotion up to 120Hz, Powerful A19 Pro Chip, Center Stage Front Camera, All-Day Battery Life; Space Black",4.6,Apple,"96,990"
"iPhone 17e 256 GB: 15.40 cm (6.1″) Super Retina XDR Display, A19 Chip, All-Day Battery Life, 48MP Fusion Camera, 256GB Starting Storage; Soft Pink",4.1,Apple,"64,900"
"iPhone Air 256 GB: Thinnest iPhone Ever, 16.63 cm (6.5″) Display with Promotion up to 120Hz, Powerful A19 Pro Chip, Center Stage Front Camera, All-Day Battery Life; Space Black",4.6,Apple,"96,990"
"iPhone 16e 128 GB: Built for Apple Intelligence, A18 Chip, Supersized Battery Life, 48MP Fusion. Camera, 15.40 cm (6.1″) Super Retina XDR Display; Black",4.5,Apple,"59,900"
"iPhone 16 Plus 256 GB: 5G Mobile Phone with Camera Control, A18 Chip and a Big Boost in Battery Life. Works with AirPods; White",4.6,Apple, 
"Galaxy S25 Ultra 5G AI Smartphone (Titanium Gray, 12GB RAM, 256GB Storage), 200MP Camera, S Pen Included, Long Battery Life",4.4,Samsung,"99,999"
"Nord CE6 Lite | 8GB+128GB | Hyper Black | Segment's Fastest Dimensity 7400 Apex Processor | 7000mAh Battery | Segment's Highest 144Hz Refresh Rate | 50MP Main Camera, 4K Video Recording",4.2,OnePlus,"27,999"
"iPhone Air 256 GB: Thinnest iPhone Ever, 16.63 cm (6.5″) Display with Promotion up to 120Hz, Powerful A19 Pro Chip, Center Stage Front Camera, All-Day Battery Life; Light Gold",4.5,Apple,"96,990"
Nord 6 | 12GB+256GB | Pitch Black | Snapdragon 8s Gen 4 | Segment's First Stable 165FPS Gaming | Segment's Largest 9000mAh Battery | Most Complete IP Rating | Personalized AI,4.3,OnePlus,"47,998"
15 | 12GB+256GB | Sand Storm | India's First Snapdragon® 8 Elite Gen 5 | 7300mAh Battery | Personalised AI | Game-Changing 165Hz Display | Triple 50MP Camera with 4K 120fps Dolby Vision,4.6,OnePlus,"85,999"
"iPhone 17e 512 GB: 15.40 cm (6.1″) Super Retina XDR Display, A19 Chip, All-Day Battery Life, 48MP Fusion Camera, 256GB Starting Storage; Soft Pink",4.1,Apple,"84,900"
"Nord CE6 | 8GB+128GB | Pitch Black | Snapdragon 7s Gen 4 | Segment's Fastest Touch Response | 8000mAh Battery | 144Hz 1.5K AMOLED Display | 50MP Main + 32MP Selfie 4K Cameras | IP66,68,69,69K",4.2,OnePlus,"33,999"
"iPhone Air 256 GB: Thinnest iPhone Ever, 16.63 cm (6.5″) Display with Promotion up to 120Hz, Powerful A19 Pro Chip, Center Stage Front Camera, All-Day Battery Life; Cloud White",4.5,Apple,"96,990"
"Galaxy S26 5G (Cobalt Violet, 12GB RAM, 256GB Storage), AI Phone, Photo Assist, Creative Studio, 50MP Camera with ProVisual Engine, Powerful Customized Processor and 4300mAh Battery",4.3,Samsung,"79,999"
"iPhone 17e 512 GB: 15.40 cm (6.1″) Super Retina XDR Display, A19 Chip, All-Day Battery Life, 48MP Fusion Camera, 256GB Starting Storage; White",4.1,Apple,"84,900"
"Pixel 10 5G (Obsidian, 12GB RAM, 256GB Storage)",4.2,Google,"64,900"
"15R (Dark Knight, 12GB RAM, 256GB Storage) | Snapdragon® 8 Gen 5 Processor | India’s Slimmest Smartphone in 7600mAh Battery* | Segment's Most Stable 144FPS Gaming*",4.4,iQOO,"54,999"
"iPhone 17e 256 GB: 15.40 cm (6.1″) Super Retina XDR Display, A19 Chip, All-Day Battery Life, 48MP Fusion Camera, 256GB Starting Storage; Black",4.1,Apple,"64,900"
"iPhone Air 256 GB: Thinnest iPhone Ever, 16.63 cm (6.5″) Display with Promotion up to 120Hz, Powerful A19 Pro Chip, Center Stage Front Camera, All-Day Battery Life; Space Black",4.6,Apple,"96,990"
"iPhone 17e 256 GB: 15.40 cm (6.1″) Super Retina XDR Display, A19 Chip, All-Day Battery Life, 48MP Fusion Camera, 256GB Starting Storage; Soft Pink",4.1,Apple,"64,900"
"iPhone Air 256 GB: Thinnest iPhone Ever, 16.63 cm (6.5″) Display with Promotion up to 120Hz, Powerful A19 Pro Chip, Center Stage Front Camera, All-Day Battery Life; Space Black",4.6,Apple,"96,990"
"iPhone 16e 128 GB: Built for Apple Intelligence, A18 Chip, Supersized Battery Life, 48MP Fusion. Camera, 15.40 cm (6.1″) Super Retina XDR Display; Black",4.5,Apple,"59,900"
"iPhone 16 Plus 256 GB: 5G Mobile Phone with Camera Control, A18 Chip and a Big Boost in Battery Life. Works with AirPods; White",4.6,Apple, 
"Galaxy S25 Ultra 5G AI Smartphone (Titanium Gray, 12GB RAM, 256GB Storage), 200MP Camera, S Pen Included, Long Battery Life",4.4,Samsung,"99,999"
"Nord CE6 Lite | 8GB+128GB | Hyper Black | Segment's Fastest Dimensity 7400 Apex Processor | 7000mAh Battery | Segment's Highest 144Hz Refresh Rate | 50MP Main Camera, 4K Video Recording",4.2,OnePlus,"27,999"
"iPhone Air 256 GB: Thinnest iPhone Ever, 16.63 cm (6.5″) Display with Promotion up to 120Hz, Powerful A19 Pro Chip, Center Stage Front Camera, All-Day Battery Life; Light Gold",4.5,Apple,"96,990"
Nord 6 | 12GB+256GB | Pitch Black | Snapdragon 8s Gen 4 | Segment's First Stable 165FPS Gaming | Segment's Largest 9000mAh Battery | Most Complete IP Rating | Personalized AI,4.3,OnePlus,"47,998"
15 | 12GB+256GB | Sand Storm | India's First Snapdragon® 8 Elite Gen 5 | 7300mAh Battery | Personalised AI | Game-Changing 165Hz Display | Triple 50MP Camera with 4K 120fps Dolby Vision,4.6,OnePlus,"85,999"
"iPhone 17e 512 GB: 15.40 cm (6.1″) Super Retina XDR Display, A19 Chip, All-Day Battery Life, 48MP Fusion Camera, 256GB Starting Storage; Soft Pink",4.1,Apple,"84,900"
"Nord CE6 | 8GB+128GB | Pitch Black | Snapdragon 7s Gen 4 | Segment's Fastest Touch Response | 8000mAh Battery | 144Hz 1.5K AMOLED Display | 50MP Main + 32MP Selfie 4K Cameras | IP66,68,69,69K",4.2,OnePlus,"33,999"
"iPhone Air 256 GB: Thinnest iPhone Ever, 16.63 cm (6.5″) Display with Promotion up to 120Hz, Powerful A19 Pro Chip, Center Stage Front Camera, All-Day Battery Life; Cloud White",4.5,Apple,"96,990"
"Galaxy S26 5G (Cobalt Violet, 12GB RAM, 256GB Storage), AI Phone, Photo Assist, Creative Studio, 50MP Camera with ProVisual Engine, Powerful Customized Processor and 4300mAh Battery",4.3,Samsung,"79,999"
"iPhone 17e 512 GB: 15.40 cm (6.1″) Super Retina XDR Display, A19 Chip, All-Day Battery Life, 48MP Fusion Camera, 256GB Starting Storage; White",4.1,Apple,"84,900"
"Pixel 10 5G (Obsidian, 12GB RAM, 256GB Storage)",4.2,Google,"64,900"
"15R (Dark Knight, 12GB RAM, 256GB Storage) | Snapdragon® 8 Gen 5 Processor | India’s Slimmest Smartphone in 7600mAh Battery* | Segment's Most Stable 144FPS Gaming*",4.4,iQOO,"54,999"
"iPhone 17e 256 GB: 15.40 cm (6.1″) Super Retina XDR Display, A19 Chip, All-Day Battery Life, 48MP Fusion Camera, 256GB Starting Storage; Soft Pink",4.1,Apple,"64,900"
"iPhone Air 256 GB: Thinnest iPhone Ever, 16.63 cm (6.5″) Display with Promotion up to 120Hz, Powerful A19 Pro Chip, Center Stage Front Camera, All-Day Battery Life; Space Black",4.6,Apple,"96,990"
"iPhone 16e 128 GB: Built for Apple Intelligence, A18 Chip, Supersized Battery Life, 48MP Fusion. Camera, 15.40 cm (6.1″) Super Retina XDR Display; Black",4.5,Apple,"59,900"
"iPhone 16 Plus 256 GB: 5G Mobile Phone with Camera Control, A18 Chip and a Big Boost in Battery Life. Works with AirPods; White",4.6,Apple, 
"Galaxy S25 Ultra 5G AI Smartphone (Titanium Gray, 12GB RAM, 256GB Storage), 200MP Camera, S Pen Included, Long Battery Life",4.4,Samsung,"99,999"
"Nord CE6 Lite | 8GB+128GB | Hyper Black | Segment's Fastest Dimensity 7400 Apex Processor | 7000mAh Battery | Segment's Highest 144Hz Refresh Rate | 50MP Main Camera, 4K Video Recording",4.2,OnePlus,"27,999"
"iPhone Air 256 GB: Thinnest iPhone Ever, 16.63 cm (6.5″) Display with Promotion up to 120Hz, Powerful A19 Pro Chip, Center Stage Front Camera, All-Day Battery Life; Light Gold",4.5,Apple,"96,990"
Nord 6 | 12GB+256GB | Pitch Black | Snapdragon 8s Gen 4 | Segment's First Stable 165FPS Gaming | Segment's Largest 9000mAh Battery | Most Complete IP Rating | Personalized AI,4.3,OnePlus,"47,998"
15 | 12GB+256GB | Sand Storm | India's First Snapdragon® 8 Elite Gen 5 | 7300mAh Battery | Personalised AI | Game-Changing 165Hz Display | Triple 50MP Camera with 4K 120fps Dolby Vision,4.6,OnePlus,"85,999"
"iPhone 17e 512 GB: 15.40 cm (6.1″) Super Retina XDR Display, A19 Chip, All-Day Battery Life, 48MP Fusion Camera, 256GB Starting Storage; Soft Pink",4.1,Apple,"84,900"
"Nord CE6 | 8GB+128GB | Pitch Black | Snapdragon 7s Gen 4 | Segment's Fastest Touch Response | 8000mAh Battery | 144Hz 1.5K AMOLED Display | 50MP Main + 32MP Selfie 4K Cameras | IP66,68,69,69K",4.2,OnePlus,"33,999"
"iPhone Air 256 GB: Thinnest iPhone Ever, 16.63 cm (6.5″) Display with Promotion up to 120Hz, Powerful A19 Pro Chip, Center Stage Front Camera, All-Day Battery Life; Cloud White",4.5,Apple,"96,990"
"Galaxy S26 5G (Cobalt Violet, 12GB RAM, 256GB Storage), AI Phone, Photo Assist, Creative Studio, 50MP Camera with ProVisual Engine, Powerful Customized Processor and 4300mAh Battery",4.3,Samsung,"79,999"
"iPhone 17e 512 GB: 15.40 cm (6.1″) Super Retina XDR Display, A19 Chip, All-Day Battery Life, 48MP Fusion Camera, 256GB Starting Storage; White",4.1,Apple,"84,900"
"Pixel 10 5G (Obsidian, 12GB RAM, 256GB Storage)",4.2,Google,"64,900"
"15R (Dark Knight, 12GB RAM, 256GB Storage) | Snapdragon® 8 Gen 5 Processor | India’s Slimmest Smartphone in 7600mAh Battery* | Segment's Most Stable 144FPS Gaming*",4.4,iQOO,"54,999"
"iPhone 17e 256 GB: 15.40 cm (6.1″) Super Retina XDR Display, A19 Chip, All-Day Battery Life, 48MP Fusion Camera, 256GB Starting Storage; Black",4.1,Apple,"64,900"
"iPhone Air 256 GB: Thinnest iPhone Ever, 16.63 cm (6.5″) Display with Promotion up to 120Hz, Powerful A19 Pro Chip, Center Stage Front Camera, All-Day Battery Life; Space Black",4.6,Apple,"96,990"
"iPhone 17e 256 GB: 15.40 cm (6.1″) Super Retina XDR Display, A19 Chip, All-Day Battery Life, 48MP Fusion Camera, 256GB Starting Storage; Soft Pink",4.1,Apple,"64,900"
"iPhone Air 256 GB: Thinnest iPhone Ever, 16.63 cm (6.5″) Display with Promotion up to 120Hz, Powerful A19 Pro Chip, Center Stage Front Camera, All-Day Battery Life; Space Black",4.6,Apple,"96,990"
"iPhone 16e 128 GB: Built for Apple Intelligence, A18 Chip, Supersized Battery Life, 48MP Fusion. Camera, 15.40 cm (6.1″) Super Retina XDR Display; Black",4.5,Apple,"59,900"
"iPhone 16 Plus 256 GB: 5G Mobile Phone with Camera Control, A18 Chip and a Big Boost in Battery Life. Works with AirPods; White",4.6,Apple, 
"Galaxy S25 Ultra 5G AI Smartphone (Titanium Gray, 12GB RAM, 256GB Storage), 200MP Camera, S Pen Included, Long Battery Life",4.4,Samsung,"99,999"
"Nord CE6 Lite | 8GB+128GB | Hyper Black | Segment's Fastest Dimensity 7400 Apex Processor | 7000mAh Battery | Segment's Highest 144Hz Refresh Rate | 50MP Main Camera, 4K Video Recording",4.2,OnePlus,"27,999"
"iPhone Air 256 GB: Thinnest iPhone Ever, 16.63 cm (6.5″) Display with Promotion up to 120Hz, Powerful A19 Pro Chip, Center Stage Front Camera, All-Day Battery Life; Light Gold",4.5,Apple,"96,990"
Nord 6 | 12GB+256GB | Pitch Black | Snapdragon 8s Gen 4 | Segment's First Stable 165FPS Gaming | Segment's Largest 9000mAh Battery | Most Complete IP Rating | Personalized AI,4.3,OnePlus,"47,998"
15 | 12GB+256GB | Sand Storm | India's First Snapdragon® 8 Elite Gen 5 | 7300mAh Battery | Personalised AI | Game-Changing 165Hz Display | Triple 50MP Camera with 4K 120fps Dolby Vision,4.6,OnePlus,"85,999"
"iPhone 17e 512 GB: 15.40 cm (6.1″) Super Retina XDR Display, A19 Chip, All-Day Battery Life, 48MP Fusion Camera, 256GB Starting Storage; Soft Pink",4.1,Apple,"84,900"
"Nord CE6 | 8GB+128GB | Pitch Black | Snapdragon 7s Gen 4 | Segment's Fastest Touch Response | 8000mAh Battery | 144Hz 1.5K AMOLED Display | 50MP Main + 32MP Selfie 4K Cameras | IP66,68,69,69K",4.2,OnePlus,"33,999"
"iPhone Air 256 GB: Thinnest iPhone Ever, 16.63 cm (6.5″) Display with Promotion up to 120Hz, Powerful A19 Pro Chip, Center Stage Front Camera, All-Day Battery Life; Cloud White",4.5,Apple,"96,990"
"Galaxy S26 5G (Cobalt Violet, 12GB RAM, 256GB Storage), AI Phone, Photo Assist, Creative Studio, 50MP Camera with ProVisual Engine, Powerful Customized Processor and 4300mAh Battery",4.3,Samsung,"79,999"
"iPhone 17e 512 GB: 15.40 cm (6.1″) Super Retina XDR Display, A19 Chip, All-Day Battery Life, 48MP Fusion Camera, 256GB Starting Storage; White",4.1,Apple,"84,900"
"Pixel 10 5G (Obsidian, 12GB RAM, 256GB Storage)",4.2,Google,"64,900"
"15R (Dark Knight, 12GB RAM, 256GB Storage) | Snapdragon® 8 Gen 5 Processor | India’s Slimmest Smartphone in 7600mAh Battery* | Segment's Most Stable 144FPS Gaming*",4.4,iQOO,"54,999"
"iPhone 17e 256 GB: 15.40 cm (6.1″) Super Retina XDR Display, A19 Chip, All-Day Battery Life, 48MP Fusion Camera, 256GB Starting Storage; Black",4.1,Apple,"64,900"
"iPhone Air 256 GB: Thinnest iPhone Ever, 16.63 cm (6.5″) Display with Promotion up to 120Hz, Powerful A19 Pro Chip, Center Stage Front Camera, All-Day Battery Life; Space Black",4.6,Apple,"96,990"
"iPhone 17e 256 GB: 15.40 cm (6.1″) Super Retina XDR Display, A19 Chip, All-Day Battery Life, 48MP Fusion Camera, 256GB Starting Storage; Soft Pink",4.1,Apple,"64,900"
"iPhone Air 256 GB: Thinnest iPhone Ever, 16.63 cm (6.5″) Display with Promotion up to 120Hz, Powerful A19 Pro Chip, Center Stage Front Camera, All-Day Battery Life; Space Black",4.6,Apple,"96,990"
"iPhone 16e 128 GB: Built for Apple Intelligence, A18 Chip, Supersized Battery Life, 48MP Fusion. Camera, 15.40 cm (6.1″) Super Retina XDR Display; Black",4.5,Apple,"59,900"
"iPhone 16 Plus 256 GB: 5G Mobile Phone with Camera Control, A18 Chip and a Big Boost in Battery Life. Works with AirPods; White",4.6,Apple, 
"Galaxy S25 Ultra 5G AI Smartphone (Titanium Gray, 12GB RAM, 256GB Storage), 200MP Camera, S Pen Included, Long Battery Life",4.4,Samsung,"99,999"
"Nord CE6 Lite | 8GB+128GB | Hyper Black | Segment's Fastest Dimensity 7400 Apex Processor | 7000mAh Battery | Segment's Highest 144Hz Refresh Rate | 50MP Main Camera, 4K Video Recording",4.2,OnePlus,"27,999"
"iPhone Air 256 GB: Thinnest iPhone Ever, 16.63 cm (6.5″) Display with Promotion up to 120Hz, Powerful A19 Pro Chip, Center Stage Front Camera, All-Day Battery Life; Light Gold",4.5,Apple,"96,990"
Nord 6 | 12GB+256GB | Pitch Black | Snapdragon 8s Gen 4 | Segment's First Stable 165FPS Gaming | Segment's Largest 9000mAh Battery | Most Complete IP Rating | Personalized AI,4.3,OnePlus,"47,998"
15 | 12GB+256GB | Sand Storm | India's First Snapdragon® 8 Elite Gen 5 | 7300mAh Battery | Personalised AI | Game-Changing 165Hz Display | Triple 50MP Camera with 4K 120fps Dolby Vision,4.6,OnePlus,"85,999"
"iPhone 17e 512 GB: 15.40 cm (6.1″) Super Retina XDR Display, A19 Chip, All-Day Battery Life, 48MP Fusion Camera, 256GB Starting Storage; Soft Pink",4.1,Apple,"84,900"
"Nord CE6 | 8GB+128GB | Pitch Black | Snapdragon 7s Gen 4 | Segment's Fastest Touch Response | 8000mAh Battery | 144Hz 1.5K AMOLED Display | 50MP Main + 32MP Selfie 4K Cameras | IP66,68,69,69K",4.2,OnePlus,"33,999"
"iPhone Air 256 GB: Thinnest iPhone Ever, 16.63 cm (6.5″) Display with Promotion up to 120Hz, Powerful A19 Pro Chip, Center Stage Front Camera, All-Day Battery Life; Cloud White",4.5,Apple,"96,990"
"Galaxy S26 5G (Cobalt Violet, 12GB RAM, 256GB Storage), AI Phone, Photo Assist, Creative Studio, 50MP Camera with ProVisual Engine, Powerful Customized Processor and 4300mAh Battery",4.3,Samsung,"79,999"
"iPhone 17e 512 GB: 15.40 cm (6.1″) Super Retina XDR Display, A19 Chip, All-Day Battery Life, 48MP Fusion Camera, 256GB Starting Storage; White",4.1,Apple,"84,900"
"Pixel 10 5G (Obsidian, 12GB RAM, 256GB Storage)",4.2,Google,"64,900"
"15R (Dark Knight, 12GB RAM, 256GB Storage) | Snapdragon® 8 Gen 5 Processor | India’s Slimmest Smartphone in 7600mAh Battery* | Segment's Most Stable 144FPS Gaming*",4.4,iQOO,"54,999"
"iPhone 17e 256 GB: 15.40 cm (6.1″) Super Retina XDR Display, A19 Chip, All-Day Battery Life, 48MP Fusion Camera, 256GB Starting Storage; Black",4.1,Apple,"64,900"
"iPhone Air 256 GB: Thinnest iPhone Ever, 16.63 cm (6.5″) Display with Promotion up to 120Hz, Powerful A19 Pro Chip, Center Stage Front Camera, All-Day Battery Life; Space Black",4.6,Apple,"96,990"
"iPhone 17e 256 GB: 15.40 cm (6.1″) Super Retina XDR Display, A19 Chip, All-Day Battery Life, 48MP Fusion Camera, 256GB Starting Storage; Soft Pink",4.1,Apple,"64,900"
"iPhone Air 256 GB: Thinnest iPhone Ever, 16.63 cm (6.5″) Display with Promotion up to 120Hz, Powerful A19 Pro Chip, Center Stage Front Camera, All-Day Battery Life; Space Black",4.6,Apple,"96,990"
"iPhone 16e 128 GB: Built for Apple Intelligence, A18 Chip, Supersized Battery Life, 48MP Fusion. Camera, 15.40 cm (6.1″) Super Retina XDR Display; Black",4.5,Apple,"59,900"
"iPhone 16 Plus 256 GB: 5G Mobile Phone with Camera Control, A18 Chip and a Big Boost in Battery Life. Works with AirPods; White",4.6,Apple, 
"Galaxy S25 Ultra 5G AI Smartphone (Titanium Gray, 12GB RAM, 256GB Storage), 200MP Camera, S Pen Included, Long Battery Life",4.4,Samsung,"99,999"
"Nord CE6 Lite | 8GB+128GB | Hyper Black | Segment's Fastest Dimensity 7400 Apex Processor | 7000mAh Battery | Segment's Highest 144Hz Refresh Rate | 50MP Main Camera, 4K Video Recording",4.2,OnePlus,"27,999"
"iPhone Air 256 GB: Thinnest iPhone Ever, 16.63 cm (6.5″) Display with Promotion up to 120Hz, Powerful A19 Pro Chip, Center Stage Front Camera, All-Day Battery Life; Light Gold",4.5,Apple,"96,990"
Nord 6 | 12GB+256GB | Pitch Black | Snapdragon 8s Gen 4 | Segment's First Stable 165FPS Gaming | Segment's Largest 9000mAh Battery | Most Complete IP Rating | Personalized AI,4.3,OnePlus,"47,998"
15 | 12GB+256GB | Sand Storm | India's First Snapdragon® 8 Elite Gen 5 | 7300mAh Battery | Personalised AI | Game-Changing 165Hz Display | Triple 50MP Camera with 4K 120fps Dolby Vision,4.6,OnePlus,"85,999"
"iPhone 17e 512 GB: 15.40 cm (6.1″) Super Retina XDR Display, A19 Chip, All-Day Battery Life, 48MP Fusion Camera, 256GB Starting Storage; Soft Pink",4.1,Apple,"84,900"
"Nord CE6 | 8GB+128GB | Pitch Black | Snapdragon 7s Gen 4 | Segment's Fastest Touch Response | 8000mAh Battery | 144Hz 1.5K AMOLED Display | 50MP Main + 32MP Selfie 4K Cameras | IP66,68,69,69K",4.2,OnePlus,"33,999"
"iPhone Air 256 GB: Thinnest iPhone Ever, 16.63 cm (6.5″) Display with Promotion up to 120Hz, Powerful A19 Pro Chip, Center Stage Front Camera, All-Day Battery Life; Cloud White",4.5,Apple,"96,990"
"Galaxy S26 5G (Cobalt Violet, 12GB RAM, 256GB Storage), AI Phone, Photo Assist, Creative Studio, 50MP Camera with ProVisual Engine, Powerful Customized Processor and 4300mAh Battery",4.3,Samsung,"79,999"
"iPhone 17e 512 GB: 15.40 cm (6.1″) Super Retina XDR Display, A19 Chip, All-Day Battery Life, 48MP Fusion Camera, 256GB Starting Storage; White",4.1,Apple,"84,900"
"Pixel 10 5G (Obsidian, 12GB RAM, 256GB Storage)",4.2,Google,"64,900"
"15R (Dark Knight, 12GB RAM, 256GB Storage) | Snapdragon® 8 Gen 5 Processor | India’s Slimmest Smartphone in 7600mAh Battery* | Segment's Most Stable 144FPS Gaming*",4.4,iQOO,"54,999"
"iPhone 17e 256 GB: 15.40 cm (6.1″) Super Retina XDR Display, A19 Chip, All-Day Battery Life, 48MP Fusion Camera, 256GB Starting Storage; Black",4.1,Apple,"64,900"
"iPhone Air 256 GB: Thinnest iPhone Ever, 16.63 cm (6.5″) Display with Promotion up to 120Hz, Powerful A19 Pro Chip, Center Stage Front Camera, All-Day Battery Life; Space Black",4.6,Apple,"96,990"
"iPhone 17e 256 GB: 15.40 cm (6.1″) Super Retina XDR Display, A19 Chip, All-Day Battery Life, 48MP Fusion Camera, 256GB Starting Storage; Soft Pink",4.1,Apple,"64,900"
"iPhone Air 256 GB: Thinnest iPhone Ever, 16.63 cm (6.5″) Display with Promotion up to 120Hz, Powerful A19 Pro Chip, Center Stage Front Camera, All-Day Battery Life; Space Black",4.6,Apple,"96,990"
"iPhone 16e 128 GB: Built for Apple Intelligence, A18 Chip, Supersized Battery Life, 48MP Fusion. Camera, 15.40 cm (6.1″) Super Retina XDR Display; Black",4.5,Apple,"59,900"
"iPhone 16 Plus 256 GB: 5G Mobile Phone with Camera Control, A18 Chip and a Big Boost in Battery Life. Works with AirPods; White",4.6,Apple, 
"Galaxy S25 Ultra 5G AI Smartphone (Titanium Gray, 12GB RAM, 256GB Storage), 200MP Camera, S Pen Included, Long Battery Life",4.4,Samsung,"99,999"
"Nord CE6 Lite | 8GB+128GB | Hyper Black | Segment's Fastest Dimensity 7400 Apex Processor | 7000mAh Battery | Segment's Highest 144Hz Refresh Rate | 50MP Main Camera, 4K Video Recording",4.2,OnePlus,"27,999"
"iPhone Air 256 GB: Thinnest iPhone Ever, 16.63 cm (6.5″) Display with Promotion up to 120Hz, Powerful A19 Pro Chip, Center Stage Front Camera, All-Day Battery Life; Light Gold",4.5,Apple,"96,990"
Nord 6 | 12GB+256GB | Pitch Black | Snapdragon 8s Gen 4 | Segment's First Stable 165FPS Gaming | Segment's Largest 9000mAh Battery | Most Complete IP Rating | Personalized AI,4.3,OnePlus,"47,998"
15 | 12GB+256GB | Sand Storm | India's First Snapdragon® 8 Elite Gen 5 | 7300mAh Battery | Personalised AI | Game-Changing 165Hz Display | Triple 50MP Camera with 4K 120fps Dolby Vision,4.6,OnePlus,"85,999"
"iPhone 17e 512 GB: 15.40 cm (6.1″) Super Retina XDR Display, A19 Chip, All-Day Battery Life, 48MP Fusion Camera, 256GB Starting Storage; Soft Pink",4.1,Apple,"84,900"
"Nord CE6 | 8GB+128GB | Pitch Black | Snapdragon 7s Gen 4 | Segment's Fastest Touch Response | 8000mAh Battery | 144Hz 1.5K AMOLED Display | 50MP Main + 32MP Selfie 4K Cameras | IP66,68,69,69K",4.2,OnePlus,"33,999"
"iPhone Air 256 GB: Thinnest iPhone Ever, 16.63 cm (6.5″) Display with Promotion up to 120Hz, Powerful A19 Pro Chip, Center Stage Front Camera, All-Day Battery Life; Cloud White",4.5,Apple,"96,990"
"Galaxy S26 5G (Cobalt Violet, 12GB RAM, 256GB Storage), AI Phone, Photo Assist, Creative Studio, 50MP Camera with ProVisual Engine, Powerful Customized Processor and 4300mAh Battery",4.3,Samsung,"79,999"
"iPhone 17e 512 GB: 15.40 cm (6.1″) Super Retina XDR Display, A19 Chip, All-Day Battery Life, 48MP Fusion Camera, 256GB Starting Storage; White",4.1,Apple,"84,900"
"Pixel 10 5G (Obsidian, 12GB RAM, 256GB Storage)",4.2,Google,"64,900"
"15R (Dark Knight, 12GB RAM, 256GB Storage) | Snapdragon® 8 Gen 5 Processor | India’s Slimmest Smartphone in 7600mAh Battery* | Segment's Most Stable 144FPS Gaming*",4.4,iQOO,"54,999"
"iPhone 17e 256 GB: 15.40 cm (6.1″) Super Retina XDR Display, A19 Chip, All-Day Battery Life, 48MP Fusion Camera, 256GB Starting Storage; Black",4.1,Apple,"64,900"
"iPhone Air 256 GB: Thinnest iPhone Ever, 16.63 cm (6.5″) Display with Promotion up to 120Hz, Powerful A19 Pro Chip, Center Stage Front Camera, All-Day Battery Life; Space Black",4.6,Apple,"96,990"
"iPhone 17e 256 GB: 15.40 cm (6.1″) Super Retina XDR Display, A19 Chip, All-Day Battery Life, 48MP Fusion Camera, 256GB Starting Storage; Soft Pink",4.1,Apple,"64,900"
"iPhone Air 256 GB: Thinnest iPhone Ever, 16.63 cm (6.5″) Display with Promotion up to 120Hz, Powerful A19 Pro Chip, Center Stage Front Camera, All-Day Battery Life; Space Black",4.6,Apple,"96,990"
"iPhone 16e 128 GB: Built for Apple Intelligence, A18 Chip, Supersized Battery Life, 48MP Fusion. Camera, 15.40 cm (6.1″) Super Retina XDR Display; Black",4.5,Apple,"59,900"
"iPhone 16 Plus 256 GB: 5G Mobile Phone with Camera Control, A18 Chip and a Big Boost in Battery Life. Works with AirPods; White",4.6,Apple, 
"Galaxy S25 Ultra 5G AI Smartphone (Titanium Gray, 12GB RAM, 256GB Storage), 200MP Camera, S Pen Included, Long Battery Life",4.4,Samsung,"99,999"
"Nord CE6 Lite | 8GB+128GB | Hyper Black | Segment's Fastest Dimensity 7400 Apex Processor | 7000mAh Battery | Segment's Highest 144Hz Refresh Rate | 50MP Main Camera, 4K Video Recording",4.2,OnePlus,"27,999"
"iPhone Air 256 GB: Thinnest iPhone Ever, 16.63 cm (6.5″) Display with Promotion up to 120Hz, Powerful A19 Pro Chip, Center Stage Front Camera, All-Day Battery Life; Light Gold",4.5,Apple,"96,990"
Nord 6 | 12GB+256GB | Pitch Black | Snapdragon 8s Gen 4 | Segment's First Stable 165FPS Gaming | Segment's Largest 9000mAh Battery | Most Complete IP Rating | Personalized AI,4.3,OnePlus,"47,998"
15 | 12GB+256GB | Sand Storm | India's First Snapdragon® 8 Elite Gen 5 | 7300mAh Battery | Personalised AI | Game-Changing 165Hz Display | Triple 50MP Camera with 4K 120fps Dolby Vision,4.6,OnePlus,"85,999"
"iPhone 17e 512 GB: 15.40 cm (6.1″) Super Retina XDR Display, A19 Chip, All-Day Battery Life, 48MP Fusion Camera, 256GB Starting Storage; Soft Pink",4.1,Apple,"84,900"
"Nord CE6 | 8GB+128GB | Pitch Black | Snapdragon 7s Gen 4 | Segment's Fastest Touch Response | 8000mAh Battery | 144Hz 1.5K AMOLED Display | 50MP Main + 32MP Selfie 4K Cameras | IP66,68,69,69K",4.2,OnePlus,"33,999"
"iPhone Air 256 GB: Thinnest iPhone Ever, 16.63 cm (6.5″) Display with Promotion up to 120Hz, Powerful A19 Pro Chip, Center Stage Front Camera, All-Day Battery Life; Cloud White",4.5,Apple,"96,990"
"Galaxy S26 5G (Cobalt Violet, 12GB RAM, 256GB Storage), AI Phone, Photo Assist, Creative Studio, 50MP Camera with ProVisual Engine, Powerful Customized Processor and 4300mAh Battery",4.3,Samsung,"79,999"
"iPhone 17e 512 GB: 15.40 cm (6.1″) Super Retina XDR Display, A19 Chip, All-Day Battery Life, 48MP Fusion Camera, 256GB Starting Storage; White",4.1,Apple,"84,900"
"Pixel 10 5G (Obsidian, 12GB RAM, 256GB Storage)",4.2,Google,"64,900"
"15R (Dark Knight, 12GB RAM, 256GB Storage) | Snapdragon® 8 Gen 5 Processor | India’s Slimmest Smartphone in 7600mAh Battery* | Segment's Most Stable 144FPS Gaming*",4.4,iQOO,"54,999"
"iPhone 17e 256 GB: 15.40 cm (6.1″) Super Retina XDR Display, A19 Chip, All-Day Battery Life, 48MP Fusion Camera, 256GB Starting Storage; Black",4.1,Apple,"64,900"
"iPhone Air 256 GB: Thinnest iPhone Ever, 16.63 cm (6.5″) Display with Promotion up to 120Hz, Powerful A19 Pro Chip, Center Stage Front Camera, All-Day Battery Life; Space Black",4.6,Apple,"96,990"
"iPhone 17e 256 GB: 15.40 cm (6.1″) Super Retina XDR Display, A19 Chip, All-Day Battery Life, 48MP Fusion Camera, 256GB Starting Storage; Soft Pink",4.1,Apple,"64,900"
"iPhone Air 256 GB: Thinnest iPhone Ever, 16.63 cm (6.5″) Display with Promotion up to 120Hz, Powerful A19 Pro Chip, Center Stage Front Camera, All-Day Battery Life; Space Black",4.6,Apple,"96,990"
"iPhone 16e 128 GB: Built for Apple Intelligence, A18 Chip, Supersized Battery Life, 48MP Fusion. Camera, 15.40 cm (6.1″) Super Retina XDR Display; Black",4.5,Apple,"59,900"
"iPhone 16 Plus 256 GB: 5G Mobile Phone with Camera Control, A18 Chip and a Big Boost in Battery Life. Works with AirPods; White",4.6,Apple, 
"Galaxy S25 Ultra 5G AI Smartphone (Titanium Gray, 12GB RAM, 256GB Storage), 200MP Camera, S Pen Included, Long Battery Life",4.4,Samsung,"99,999"
"Nord CE6 Lite | 8GB+128GB | Hyper Black | Segment's Fastest Dimensity 7400 Apex Processor | 7000mAh Battery | Segment's Highest 144Hz Refresh Rate | 50MP Main Camera, 4K Video Recording",4.2,OnePlus,"27,999"
"iPhone Air 256 GB: Thinnest iPhone Ever, 16.63 cm (6.5″) Display with Promotion up to 120Hz, Powerful A19 Pro Chip, Center Stage Front Camera, All-Day Battery Life; Light Gold",4.5,Apple,"96,990"
Nord 6 | 12GB+256GB | Pitch Black | Snapdragon 8s Gen 4 | Segment's First Stable 165FPS Gaming | Segment's Largest 9000mAh Battery | Most Complete IP Rating | Personalized AI,4.3,OnePlus,"47,998"
15 | 12GB+256GB | Sand Storm | India's First Snapdragon® 8 Elite Gen 5 | 7300mAh Battery | Personalised AI | Game-Changing 165Hz Display | Triple 50MP Camera with 4K 120fps Dolby Vision,4.6,OnePlus,"85,999"
"iPhone 17e 512 GB: 15.40 cm (6.1″) Super Retina XDR Display, A19 Chip, All-Day Battery Life, 48MP Fusion Camera, 256GB Starting Storage; Soft Pink",4.1,Apple,"84,900"
"Nord CE6 | 8GB+128GB | Pitch Black | Snapdragon 7s Gen 4 | Segment's Fastest Touch Response | 8000mAh Battery | 144Hz 1.5K AMOLED Display | 50MP Main + 32MP Selfie 4K Cameras | IP66,68,69,69K",4.2,OnePlus,"33,999"
"iPhone Air 256 GB: Thinnest iPhone Ever, 16.63 cm (6.5″) Display with Promotion up to 120Hz, Powerful A19 Pro Chip, Center Stage Front Camera, All-Day Battery Life; Cloud White",4.5,Apple,"96,990"
"Galaxy S26 5G (Cobalt Violet, 12GB RAM, 256GB Storage), AI Phone, Photo Assist, Creative Studio, 50MP Camera with ProVisual Engine, Powerful Customized Processor and 4300mAh Battery",4.3,Samsung,"79,999"
"iPhone 17e 512 GB: 15.40 cm (6.1″) Super Retina XDR Display, A19 Chip, All-Day Battery Life, 48MP Fusion Camera, 256GB Starting Storage; White",4.1,Apple,"84,900"
"Pixel 10 5G (Obsidian, 12GB RAM, 256GB Storage)",4.2,Google,"64,900"
"15R (Dark Knight, 12GB RAM, 256GB Storage) | Snapdragon® 8 Gen 5 Processor | India’s Slimmest Smartphone in 7600mAh Battery* | Segment's Most Stable 144FPS Gaming*",4.4,iQOO,"54,999"
"iPhone 17e 256 GB: 15.40 cm (6.1″) Super Retina XDR Display, A19 Chip, All-Day Battery Life, 48MP Fusion Camera, 256GB Starting Storage; Black",4.1,Apple,"64,900"
"iPhone Air 256 GB: Thinnest iPhone Ever, 16.63 cm (6.5″) Display with Promotion up to 120Hz, Powerful A19 Pro Chip, Center Stage Front Camera, All-Day Battery Life; Space Black",4.6,Apple,"96,990"
"iPhone 17e 256 GB: 15.40 cm (6.1″) Super Retina XDR Display, A19 Chip, All-Day Battery Life, 48MP Fusion Camera, 256GB Starting Storage; Soft Pink",4.1,Apple,"64,900"
"iPhone Air 256 GB: Thinnest iPhone Ever, 16.63 cm (6.5″) Display with Promotion up to 120Hz, Powerful A19 Pro Chip, Center Stage Front Camera, All-Day Battery Life; Space Black",4.6,Apple,"96,990"
"iPhone 16e 128 GB: Built for Apple Intelligence, A18 Chip, Supersized Battery Life, 48MP Fusion. Camera, 15.40 cm (6.1″) Super Retina XDR Display; Black",4.5,Apple,"59,900"
"iPhone 16 Plus 256 GB: 5G Mobile Phone with Camera Control, A18 Chip and a Big Boost in Battery Life. Works with AirPods; White",4.6,Apple, 
"Galaxy S25 Ultra 5G AI Smartphone (Titanium Gray, 12GB RAM, 256GB Storage), 200MP Camera, S Pen Included, Long Battery Life",4.4,Samsung,"99,999"
"Nord CE6 Lite | 8GB+128GB | Hyper Black | Segment's Fastest Dimensity 7400 Apex Processor | 7000mAh Battery | Segment's Highest 144Hz Refresh Rate | 50MP Main Camera, 4K Video Recording",4.2,OnePlus,"27,999"
"iPhone Air 256 GB: Thinnest iPhone Ever, 16.63 cm (6.5″) Display with Promotion up to 120Hz, Powerful A19 Pro Chip, Center Stage Front Camera, All-Day Battery Life; Light Gold",4.5,Apple,"96,990"
Nord 6 | 12GB+256GB | Pitch Black | Snapdragon 8s Gen 4 | Segment's First Stable 165FPS Gaming | Segment's Largest 9000mAh Battery | Most Complete IP Rating | Personalized AI,4.3,OnePlus,"47,998"
15 | 12GB+256GB | Sand Storm | India's First Snapdragon® 8 Elite Gen 5 | 7300mAh Battery | Personalised AI | Game-Changing 165Hz Display | Triple 50MP Camera with 4K 120fps Dolby Vision,4.6,OnePlus,"85,999"
"iPhone 17e 512 GB: 15.40 cm (6.1″) Super Retina XDR Display, A19 Chip, All-Day Battery Life, 48MP Fusion Camera, 256GB Starting Storage; Soft Pink",4.1,Apple,"84,900"
"Nord CE6 | 8GB+128GB | Pitch Black | Snapdragon 7s Gen 4 | Segment's Fastest Touch Response | 8000mAh Battery | 144Hz 1.5K AMOLED Display | 50MP Main + 32MP Selfie 4K Cameras | IP66,68,69,69K",4.2,OnePlus,"33,999"
"iPhone Air 256 GB: Thinnest iPhone Ever, 16.63 cm (6.5″) Display with Promotion up to 120Hz, Powerful A19 Pro Chip, Center Stage Front Camera, All-Day Battery Life; Cloud White",4.5,Apple,"96,990"
"Galaxy S26 5G (Cobalt Violet, 12GB RAM, 256GB Storage), AI Phone, Photo Assist, Creative Studio, 50MP Camera with ProVisual Engine, Powerful Customized Processor and 4300mAh Battery",4.3,Samsung,"79,999"
"iPhone 17e 512 GB: 15.40 cm (6.1″) Super Retina XDR Display, A19 Chip, All-Day Battery Life, 48MP Fusion Camera, 256GB Starting Storage; White",4.1,Apple,"84,900"
"Pixel 10 5G (Obsidian, 12GB RAM, 256GB Storage)",4.2,Google,"64,900"
"15R (Dark Knight, 12GB RAM, 256GB Storage) | Snapdragon® 8 Gen 5 Processor | India’s Slimmest Smartphone in 7600mAh Battery* | Segment's Most Stable 144FPS Gaming*",4.4,iQOO,"54,999"
"iPhone 17e 256 GB: 15.40 cm (6.1″) Super Retina XDR Display, A19 Chip, All-Day Battery Life, 48MP Fusion Camera, 256GB Starting Storage; Black",4.1,Apple,"64,900"
"iPhone Air 256 GB: Thinnest iPhone Ever, 16.63 cm (6.5″) Display with Promotion up to 120Hz, Powerful A19 Pro Chip, Center Stage Front Camera, All-Day Battery Life; Space Black",4.6,Apple,"96,990"
"iPhone 17e 256 GB: 15.40 cm (6.1″) Super Retina XDR Display, A19 Chip, All-Day Battery Life, 48MP Fusion Camera, 256GB Starting Storage; Soft Pink",4.1,Apple,"64,900"
"iPhone Air 256 GB: Thinnest iPhone Ever, 16.63 cm (6.5″) Display with Promotion up to 120Hz, Powerful A19 Pro Chip, Center Stage Front Camera, All-Day Battery Life; Space Black",4.6,Apple,"96,990"
"iPhone 16e 128 GB: Built for Apple Intelligence, A18 Chip, Supersized Battery Life, 48MP Fusion. Camera, 15.40 cm (6.1″) Super Retina XDR Display; Black",4.5,Apple,"59,900"
"iPhone 16 Plus 256 GB: 5G Mobile Phone with Camera Control, A18 Chip and a Big Boost in Battery Life. Works with AirPods; White",4.6,Apple, 
"Galaxy S25 Ultra 5G AI Smartphone (Titanium Gray, 12GB RAM, 256GB Storage), 200MP Camera, S Pen Included, Long Battery Life",4.4,Samsung,"99,999"
"Nord CE6 Lite | 8GB+128GB | Hyper Black | Segment's Fastest Dimensity 7400 Apex Processor | 7000mAh Battery | Segment's Highest 144Hz Refresh Rate | 50MP Main Camera, 4K Video Recording",4.2,OnePlus,"27,999"
"iPhone Air 256 GB: Thinnest iPhone Ever, 16.63 cm (6.5″) Display with Promotion up to 120Hz, Powerful A19 Pro Chip, Center Stage Front Camera, All-Day Battery Life; Light Gold",4.5,Apple,"96,990"
Nord 6 | 12GB+256GB | Pitch Black | Snapdragon 8s Gen 4 | Segment's First Stable 165FPS Gaming | Segment's Largest 9000mAh Battery | Most Complete IP Rating | Personalized AI,4.3,OnePlus,"47,998"
15 | 12GB+256GB | Sand Storm | India's First Snapdragon® 8 Elite Gen 5 | 7300mAh Battery | Personalised AI | Game-Changing 165Hz Display | Triple 50MP Camera with 4K 120fps Dolby Vision,4.6,OnePlus,"85,999"
"iPhone 17e 512 GB: 15.40 cm (6.1″) Super Retina XDR Display, A19 Chip, All-Day Battery Life, 48MP Fusion Camera, 256GB Starting Storage; Soft Pink",4.1,Apple,"84,900"
"Nord CE6 | 8GB+128GB | Pitch Black | Snapdragon 7s Gen 4 | Segment's Fastest Touch Response | 8000mAh Battery | 144Hz 1.5K AMOLED Display | 50MP Main + 32MP Selfie 4K Cameras | IP66,68,69,69K",4.2,OnePlus,"33,999"
"iPhone Air 256 GB: Thinnest iPhone Ever, 16.63 cm (6.5″) Display with Promotion up to 120Hz, Powerful A19 Pro Chip, Center Stage Front Camera, All-Day Battery Life; Cloud White",4.5,Apple,"96,990"
"iPhone 17e 512 GB: 15.40 cm (6.1″) Super Retina XDR Display, A19 Chip, All-Day Battery Life, 48MP Fusion Camera, 256GB Starting Storage; White",4.1,Apple,"84,900"
"Galaxy S26 5G (Cobalt Violet, 12GB RAM, 256GB Storage), AI Phone, Photo Assist, Creative Studio, 50MP Camera with ProVisual Engine, Powerful Customized Processor and 4300mAh Battery",4.3,Samsung,"79,999"
"Pixel 10 5G (Obsidian, 12GB RAM, 256GB Storage)",4.2,Google,"64,900"
"15R (Dark Knight, 12GB RAM, 256GB Storage) | Snapdragon® 8 Gen 5 Processor | India’s Slimmest Smartphone in 7600mAh Battery* | Segment's Most Stable 144FPS Gaming*",4.4,iQOO,"54,999"
"iPhone 17e 256 GB: 15.40 cm (6.1″) Super Retina XDR Display, A19 Chip, All-Day Battery Life, 48MP Fusion Camera, 256GB Starting Storage; Black",4.1,Apple,"64,900"
"iPhone Air 256 GB: Thinnest iPhone Ever, 16.63 cm (6.5″) Display with Promotion up to 120Hz, Powerful A19 Pro Chip, Center Stage Front Camera, All-Day Battery Life; Space Black",4.6,Apple,"96,990"
"iPhone 17e 256 GB: 15.40 cm (6.1″) Super Retina XDR Display, A19 Chip, All-Day Battery Life, 48MP Fusion Camera, 256GB Starting Storage; Soft Pink",4.1,Apple,"64,900"
"iPhone Air 256 GB: Thinnest iPhone Ever, 16.63 cm (6.5″) Display with Promotion up to 120Hz, Powerful A19 Pro Chip, Center Stage Front Camera, All-Day Battery Life; Space Black",4.6,Apple,"96,990"
"iPhone 16e 128 GB: Built for Apple Intelligence, A18 Chip, Supersized Battery Life, 48MP Fusion. Camera, 15.40 cm (6.1″) Super Retina XDR Display; Black",4.5,Apple,"59,900"
"iPhone 16 Plus 256 GB: 5G Mobile Phone with Camera Control, A18 Chip and a Big Boost in Battery Life. Works with AirPods; White",4.6,Apple, 
"Galaxy S25 Ultra 5G AI Smartphone (Titanium Gray, 12GB RAM, 256GB Storage), 200MP Camera, S Pen Included, Long Battery Life",4.4,Samsung,"99,999"
"Nord CE6 Lite | 8GB+128GB | Hyper Black | Segment's Fastest Dimensity 7400 Apex Processor | 7000mAh Battery | Segment's Highest 144Hz Refresh Rate | 50MP Main Camera, 4K Video Recording",4.2,OnePlus,"27,999"
"iPhone Air 256 GB: Thinnest iPhone Ever, 16.63 cm (6.5″) Display with Promotion up to 120Hz, Powerful A19 Pro Chip, Center Stage Front Camera, All-Day Battery Life; Light Gold",4.5,Apple,"96,990"
Nord 6 | 12GB+256GB | Pitch Black | Snapdragon 8s Gen 4 | Segment's First Stable 165FPS Gaming | Segment's Largest 9000mAh Battery | Most Complete IP Rating | Personalized AI,4.3,OnePlus,"47,998"
15 | 12GB+256GB | Sand Storm | India's First Snapdragon® 8 Elite Gen 5 | 7300mAh Battery | Personalised AI | Game-Changing 165Hz Display | Triple 50MP Camera with 4K 120fps Dolby Vision,4.6,OnePlus,"85,999"
"iPhone 17e 512 GB: 15.40 cm (6.1″) Super Retina XDR Display, A19 Chip, All-Day Battery Life, 48MP Fusion Camera, 256GB Starting Storage; Soft Pink",4.1,Apple,"84,900"
"Nord CE6 | 8GB+128GB | Pitch Black | Snapdragon 7s Gen 4 | Segment's Fastest Touch Response | 8000mAh Battery | 144Hz 1.5K AMOLED Display | 50MP Main + 32MP Selfie 4K Cameras | IP66,68,69,69K",4.2,OnePlus,"33,999"
"iPhone Air 256 GB: Thinnest iPhone Ever, 16.63 cm (6.5″) Display with Promotion up to 120Hz, Powerful A19 Pro Chip, Center Stage Front Camera, All-Day Battery Life; Cloud White",4.5,Apple,"96,990"
"iPhone 17e 512 GB: 15.40 cm (6.1″) Super Retina XDR Display, A19 Chip, All-Day Battery Life, 48MP Fusion Camera, 256GB Starting Storage; White",4.1,Apple,"84,900"
"Galaxy S26 5G (Cobalt Violet, 12GB RAM, 256GB Storage), AI Phone, Photo Assist, Creative Studio, 50MP Camera with ProVisual Engine, Powerful Customized Processor and 4300mAh Battery",4.3,Samsung,"79,999"
"Pixel 10 5G (Obsidian, 12GB RAM, 256GB Storage)",4.2,Google,"64,900"
"15R (Dark Knight, 12GB RAM, 256GB Storage) | Snapdragon® 8 Gen 5 Processor | India’s Slimmest Smartphone in 7600mAh Battery* | Segment's Most Stable 144FPS Gaming*",4.4,iQOO,"54,999"
"iPhone 17e 256 GB: 15.40 cm (6.1″) Super Retina XDR Display, A19 Chip, All-Day Battery Life, 48MP Fusion Camera, 256GB Starting Storage; Black",4.1,Apple,"64,900"
"iPhone Air 256 GB: Thinnest iPhone Ever, 16.63 cm (6.5″) Display with Promotion up to 120Hz, Powerful A19 Pro Chip, Center Stage Front Camera, All-Day Battery Life; Space Black",4.6,Apple,"96,990"
"iPhone 17e 256 GB: 15.40 cm (6.1″) Super Retina XDR Display, A19 Chip, All-Day Battery Life, 48MP Fusion Camera, 256GB Starting Storage; Soft Pink",4.1,Apple,"64,900"
"iPhone Air 256 GB: Thinnest iPhone Ever, 16.63 cm (6.5″) Display with Promotion up to 120Hz, Powerful A19 Pro Chip, Center Stage Front Camera, All-Day Battery Life; Space Black",4.6,Apple,"96,990"
"iPhone 16e 128 GB: Built for Apple Intelligence, A18 Chip, Supersized Battery Life, 48MP Fusion. Camera, 15.40 cm (6.1″) Super Retina XDR Display; Black",4.5,Apple,"59,900"
"iPhone 16 Plus 256 GB: 5G Mobile Phone with Camera Control, A18 Chip and a Big Boost in Battery Life. Works with AirPods; White",4.6,Apple, 
"Galaxy S25 Ultra 5G AI Smartphone (Titanium Gray, 12GB RAM, 256GB Storage), 200MP Camera, S Pen Included, Long Battery Life",4.4,Samsung,"99,999"
"Nord CE6 Lite | 8GB+128GB | Hyper Black | Segment's Fastest Dimensity 7400 Apex Processor | 7000mAh Battery | Segment's Highest 144Hz Refresh Rate | 50MP Main Camera, 4K Video Recording",4.2,OnePlus,"27,999"
"iPhone Air 256 GB: Thinnest iPhone Ever, 16.63 cm (6.5″) Display with Promotion up to 120Hz, Powerful A19 Pro Chip, Center Stage Front Camera, All-Day Battery Life; Light Gold",4.5,Apple,"96,990"
Nord 6 | 12GB+256GB | Pitch Black | Snapdragon 8s Gen 4 | Segment's First Stable 165FPS Gaming | Segment's Largest 9000mAh Battery | Most Complete IP Rating | Personalized AI,4.3,OnePlus,"47,998"
15 | 12GB+256GB | Sand Storm | India's First Snapdragon® 8 Elite Gen 5 | 7300mAh Battery | Personalised AI | Game-Changing 165Hz Display | Triple 50MP Camera with 4K 120fps Dolby Vision,4.6,OnePlus,"85,999"
"iPhone 17e 512 GB: 15.40 cm (6.1″) Super Retina XDR Display, A19 Chip, All-Day Battery Life, 48MP Fusion Camera, 256GB Starting Storage; Soft Pink",4.1,Apple,"84,900"
"Nord CE6 | 8GB+128GB | Pitch Black | Snapdragon 7s Gen 4 | Segment's Fastest Touch Response | 8000mAh Battery | 144Hz 1.5K AMOLED Display | 50MP Main + 32MP Selfie 4K Cameras | IP66,68,69,69K",4.2,OnePlus,"33,999"
"iPhone Air 256 GB: Thinnest iPhone Ever, 16.63 cm (6.5″) Display with Promotion up to 120Hz, Powerful A19 Pro Chip, Center Stage Front Camera, All-Day Battery Life; Cloud White",4.5,Apple,"96,990"
"Galaxy S26 5G (Cobalt Violet, 12GB RAM, 256GB Storage), AI Phone, Photo Assist, Creative Studio, 50MP Camera with ProVisual Engine, Powerful Customized Processor and 4300mAh Battery",4.3,Samsung,"79,999"
"iPhone 17e 512 GB: 15.40 cm (6.1″) Super Retina XDR Display, A19 Chip, All-Day Battery Life, 48MP Fusion Camera, 256GB Starting Storage; White",4.1,Apple,"84,900"
"Pixel 10 5G (Obsidian, 12GB RAM, 256GB Storage)",4.2,Google,"64,900"
"15R (Dark Knight, 12GB RAM, 256GB Storage) | Snapdragon® 8 Gen 5 Processor | India’s Slimmest Smartphone in 7600mAh Battery* | Segment's Most Stable 144FPS Gaming*",4.4,iQOO,"54,999"
"iPhone 17e 256 GB: 15.40 cm (6.1″) Super Retina XDR Display, A19 Chip, All-Day Battery Life, 48MP Fusion Camera, 256GB Starting Storage; Black",4.1,Apple,"64,900"
"iPhone Air 256 GB: Thinnest iPhone Ever, 16.63 cm (6.5″) Display with Promotion up to 120Hz, Powerful A19 Pro Chip, Center Stage Front Camera, All-Day Battery Life; Space Black",4.6,Apple,"96,990"
"iPhone 17e 256 GB: 15.40 cm (6.1″) Super Retina XDR Display, A19 Chip, All-Day Battery Life, 48MP Fusion Camera, 256GB Starting Storage; Soft Pink",4.1,Apple,"64,900"
"iPhone Air 256 GB: Thinnest iPhone Ever, 16.63 cm (6.5″) Display with Promotion up to 120Hz, Powerful A19 Pro Chip, Center Stage Front Camera, All-Day Battery Life; Space Black",4.6,Apple,"96,990"
"iPhone 16e 128 GB: Built for Apple Intelligence, A18 Chip, Supersized Battery Life, 48MP Fusion. Camera, 15.40 cm (6.1″) Super Retina XDR Display; Black",4.5,Apple,"59,900"
"iPhone 16 Plus 256 GB: 5G Mobile Phone with Camera Control, A18 Chip and a Big Boost in Battery Life. Works with AirPods; White",4.6,Apple, 
"Galaxy S25 Ultra 5G AI Smartphone (Titanium Gray, 12GB RAM, 256GB Storage), 200MP Camera, S Pen Included, Long Battery Life",4.4,Samsung,"99,999"
"Nord CE6 Lite | 8GB+128GB | Hyper Black | Segment's Fastest Dimensity 7400 Apex Processor | 7000mAh Battery | Segment's Highest 144Hz Refresh Rate | 50MP Main Camera, 4K Video Recording",4.2,OnePlus,"27,999"
"iPhone Air 256 GB: Thinnest iPhone Ever, 16.63 cm (6.5″) Display with Promotion up to 120Hz, Powerful A19 Pro Chip, Center Stage Front Camera, All-Day Battery Life; Light Gold",4.5,Apple,"96,990"
Nord 6 | 12GB+256GB | Pitch Black | Snapdragon 8s Gen 4 | Segment's First Stable 165FPS Gaming | Segment's Largest 9000mAh Battery | Most Complete IP Rating | Personalized AI,4.3,OnePlus,"47,998"
15 | 12GB+256GB | Sand Storm | India's First Snapdragon® 8 Elite Gen 5 | 7300mAh Battery | Personalised AI | Game-Changing 165Hz Display | Triple 50MP Camera with 4K 120fps Dolby Vision,4.6,OnePlus,"85,999"
"iPhone 17e 512 GB: 15.40 cm (6.1″) Super Retina XDR Display, A19 Chip, All-Day Battery Life, 48MP Fusion Camera, 256GB Starting Storage; Soft Pink",4.1,Apple,"84,900"
"Nord CE6 | 8GB+128GB | Pitch Black | Snapdragon 7s Gen 4 | Segment's Fastest Touch Response | 8000mAh Battery | 144Hz 1.5K AMOLED Display | 50MP Main + 32MP Selfie 4K Cameras | IP66,68,69,69K",4.2,OnePlus,"33,999"
"iPhone Air 256 GB: Thinnest iPhone Ever, 16.63 cm (6.5″) Display with Promotion up to 120Hz, Powerful A19 Pro Chip, Center Stage Front Camera, All-Day Battery Life; Cloud White",4.5,Apple,"96,990"
"Galaxy S26 5G (Cobalt Violet, 12GB RAM, 256GB Storage), AI Phone, Photo Assist, Creative Studio, 50MP Camera with ProVisual Engine, Powerful Customized Processor and 4300mAh Battery",4.3,Samsung,"79,999"
"iPhone 17e 512 GB: 15.40 cm (6.1″) Super Retina XDR Display, A19 Chip, All-Day Battery Life, 48MP Fusion Camera, 256GB Starting Storage; White",4.1,Apple,"84,900"
"Pixel 10 5G (Obsidian, 12GB RAM, 256GB Storage)",4.2,Google,"64,900"
"15R (Dark Knight, 12GB RAM, 256GB Storage) | Snapdragon® 8 Gen 5 Processor | India’s Slimmest Smartphone in 7600mAh Battery* | Segment's Most Stable 144FPS Gaming*",4.4,iQOO,"54,999"
"iPhone 17e 256 GB: 15.40 cm (6.1″) Super Retina XDR Display, A19 Chip, All-Day Battery Life, 48MP Fusion Camera, 256GB Starting Storage; Black",4.1,Apple,"64,900"
"iPhone Air 256 GB: Thinnest iPhone Ever, 16.63 cm (6.5″) Display with Promotion up to 120Hz, Powerful A19 Pro Chip, Center Stage Front Camera, All-Day Battery Life; Space Black",4.6,Apple,"96,990"
"iPhone 17e 256 GB: 15.40 cm (6.1″) Super Retina XDR Display, A19 Chip, All-Day Battery Life, 48MP Fusion Camera, 256GB Starting Storage; Soft Pink",4.1,Apple,"64,900"
"iPhone Air 256 GB: Thinnest iPhone Ever, 16.63 cm (6.5″) Display with Promotion up to 120Hz, Powerful A19 Pro Chip, Center Stage Front Camera, All-Day Battery Life; Space Black",4.6,Apple,"96,990"
"iPhone 16e 128 GB: Built for Apple Intelligence, A18 Chip, Supersized Battery Life, 48MP Fusion. Camera, 15.40 cm (6.1″) Super Retina XDR Display; Black",4.5,Apple,"59,900"
"iPhone 16 Plus 256 GB: 5G Mobile Phone with Camera Control, A18 Chip and a Big Boost in Battery Life. Works with AirPods; White",4.6,Apple, 
"Galaxy S25 Ultra 5G AI Smartphone (Titanium Gray, 12GB RAM, 256GB Storage), 200MP Camera, S Pen Included, Long Battery Life",4.4,Samsung,"99,999"
"Nord CE6 Lite | 8GB+128GB | Hyper Black | Segment's Fastest Dimensity 7400 Apex Processor | 7000mAh Battery | Segment's Highest 144Hz Refresh Rate | 50MP Main Camera, 4K Video Recording",4.2,OnePlus,"27,999"
"iPhone Air 256 GB: Thinnest iPhone Ever, 16.63 cm (6.5″) Display with Promotion up to 120Hz, Powerful A19 Pro Chip, Center Stage Front Camera, All-Day Battery Life; Light Gold",4.5,Apple,"96,990"
Nord 6 | 12GB+256GB | Pitch Black | Snapdragon 8s Gen 4 | Segment's First Stable 165FPS Gaming | Segment's Largest 9000mAh Battery | Most Complete IP Rating | Personalized AI,4.3,OnePlus,"47,998"
15 | 12GB+256GB | Sand Storm | India's First Snapdragon® 8 Elite Gen 5 | 7300mAh Battery | Personalised AI | Game-Changing 165Hz Display | Triple 50MP Camera with 4K 120fps Dolby Vision,4.6,OnePlus,"85,999"
"iPhone 17e 512 GB: 15.40 cm (6.1″) Super Retina XDR Display, A19 Chip, All-Day Battery Life, 48MP Fusion Camera, 256GB Starting Storage; Soft Pink",4.1,Apple,"84,900"
"Nord CE6 | 8GB+128GB | Pitch Black | Snapdragon 7s Gen 4 | Segment's Fastest Touch Response | 8000mAh Battery | 144Hz 1.5K AMOLED Display | 50MP Main + 32MP Selfie 4K Cameras | IP66,68,69,69K",4.2,OnePlus,"33,999"
"iPhone Air 256 GB: Thinnest iPhone Ever, 16.63 cm (6.5″) Display with Promotion up to 120Hz, Powerful A19 Pro Chip, Center Stage Front Camera, All-Day Battery Life; Cloud White",4.5,Apple,"96,990"
"iPhone 17e 512 GB: 15.40 cm (6.1″) Super Retina XDR Display, A19 Chip, All-Day Battery Life, 48MP Fusion Camera, 256GB Starting Storage; White",4.1,Apple,"84,900"
"Galaxy S26 5G (Cobalt Violet, 12GB RAM, 256GB Storage), AI Phone, Photo Assist, Creative Studio, 50MP Camera with ProVisual Engine, Powerful Customized Processor and 4300mAh Battery",4.3,Samsung,"79,999"
"Pixel 10 5G (Obsidian, 12GB RAM, 256GB Storage)",4.2,Google,"64,900"
"15R (Dark Knight, 12GB RAM, 256GB Storage) | Snapdragon® 8 Gen 5 Processor | India’s Slimmest Smartphone in 7600mAh Battery* | Segment's Most Stable 144FPS Gaming*",4.4,iQOO,"54,999"
